{
    "baseline": {
        "accuracy": 0.5133333333333333,
        "roc_auc": 0.5007578889348215,
        "precision": 0.4108527131782946,
        "recall": 0.43089430894308944,
        "f1": 0.42063492063492064
    },
    "logistic_regression": {
        "accuracy": 0.7983333333333333,
        "roc_auc": 0.8752124385650635,
        "precision": 0.749003984063745,
        "recall": 0.7642276422764228,
        "f1": 0.7565392354124748
    },
    "best_params": {
        "logreg__C": 0.1,
        "logreg__penalty": "l2",
        "logreg__solver": "liblinear"
    },
    "cv_score": 0.8606195404566733
}